Epoch,Lr,TrLoss,TrAcc,TrRecall,TrROC,ValLoss,ValAcc,ValRecall,ValRoc
1,0.00334,1.6451106388357621,0.4551028609275818,0.4551028609275818,0.44194868206977844,1.3184146881103516,0.6890624761581421,0.6890624761581421,0.3968101441860199
2,0.006670000000000001,1.527243530448479,0.6619857549667358,0.6619857549667358,0.45260635018348694,1.171572234481573,0.6890624761581421,0.6890624761581421,0.5548921823501587
3,0.01,1.2673567684390876,0.668710470199585,0.668710470199585,0.4900609850883484,1.1051122844219208,0.6890624761581421,0.6890624761581421,0.601777970790863
4,0.01,1.2123873573315294,0.6673259735107422,0.6673259735107422,0.5278187990188599,1.0612784661352634,0.6890624761581421,0.6890624761581421,0.6001078486442566
5,0.01,1.1995470282397693,0.6651503443717957,0.6651503443717957,0.5659377574920654,1.0849435701966286,0.6890624761581421,0.6890624761581421,0.6017426252365112
6,0.01,1.1705726671822463,0.6675237417221069,0.6675237417221069,0.585891604423523,1.0547491125762463,0.6890624761581421,0.6890624761581421,0.6051548719406128
7,0.01,1.1489715455453606,0.6720728278160095,0.6720728278160095,0.5894256830215454,1.0359830297529697,0.7113281488418579,0.7113281488418579,0.6267063021659851
8,0.01,1.169127639335922,0.6663370132446289,0.6663370132446289,0.5694190263748169,1.020410269498825,0.6890624761581421,0.6890624761581421,0.6260052919387817
9,0.01,1.1715862320948252,0.6649525761604309,0.6649525761604309,0.5755912661552429,1.1018849648535252,0.6890624761581421,0.6890624761581421,0.6205644607543945
10,0.01,1.156888730918305,0.6683148741722107,0.6683148741722107,0.6055178046226501,1.0127823948860168,0.6890624761581421,0.6890624761581421,0.6435493230819702
11,0.01,1.116093466553507,0.6728639602661133,0.6728639602661133,0.6296545267105103,0.9977586902678013,0.6968749761581421,0.6968749761581421,0.652886688709259
12,0.01,1.1076037574417983,0.6732594966888428,0.6732594966888428,0.6167635321617126,1.0328569449484348,0.6742187738418579,0.6742187738418579,0.6414247155189514
13,0.01,1.0999735963495472,0.6748417615890503,0.6748417615890503,0.6441283822059631,0.9797342903912067,0.7017577886581421,0.7017577886581421,0.6569779515266418
14,0.01,1.0816239103486267,0.683742105960846,0.683742105960846,0.6451863050460815,0.968212503939867,0.7193359136581421,0.7193359136581421,0.6574183702468872
15,0.01,1.0871226470681685,0.6799842119216919,0.6799842119216919,0.6624228358268738,1.0132698342204094,0.705273449420929,0.705273449420929,0.6571940183639526
16,0.01,1.0623533295679697,0.6867088675498962,0.6867088675498962,0.667656421661377,0.9715926498174667,0.712695300579071,0.712695300579071,0.6681377291679382
17,0.01,1.0625227267229105,0.6819620132446289,0.6819620132446289,0.6714316010475159,1.171620711684227,0.6949218511581421,0.6949218511581421,0.6275507807731628
18,0.01,1.0606904203378702,0.6839398741722107,0.6839398741722107,0.6751090884208679,0.9635405279695988,0.7115234136581421,0.7115234136581421,0.661217987537384
19,0.01,1.0674120429195935,0.6823576092720032,0.6823576092720032,0.6621333956718445,0.9966466426849365,0.715624988079071,0.715624988079071,0.6644428968429565
20,0.01,1.0734556430502782,0.6793908476829529,0.6793908476829529,0.660296618938446,0.9846783392131329,0.6898437738418579,0.6898437738418579,0.6675621271133423
21,0.01,1.0397923422765127,0.6857199668884277,0.6857199668884277,0.671236515045166,1.053106427192688,0.703320324420929,0.703320324420929,0.6442375779151917
22,0.01,1.0568713281728044,0.6807753443717957,0.6807753443717957,0.6888384222984314,0.9572540111839771,0.7232421636581421,0.7232421636581421,0.6641103625297546
23,0.01,1.0520214747778978,0.6774129867553711,0.6774129867553711,0.6756289005279541,0.9702873043715954,0.720703125,0.720703125,0.6673587560653687
24,0.01,1.045939802368985,0.6787974834442139,0.6787974834442139,0.684505045413971,1.04187635704875,0.7095702886581421,0.7095702886581421,0.6646352410316467
25,0.01,1.0535166308849673,0.6823576092720032,0.6823576092720032,0.6648626327514648,0.9538487605750561,0.7222656011581421,0.7222656011581421,0.6726332902908325
26,0.01,1.0458136298988439,0.683742105960846,0.683742105960846,0.6876238584518433,1.0045871436595917,0.718945324420929,0.718945324420929,0.6647832989692688
27,0.01,1.0397545627400846,0.6865110993385315,0.6865110993385315,0.6963769793510437,0.9955813251435757,0.730664074420929,0.730664074420929,0.663846492767334
28,0.01,1.0382022065452383,0.684928834438324,0.684928834438324,0.670465886592865,0.9380114004015923,0.720703125,0.720703125,0.6771499514579773
29,0.01,1.033052393152744,0.689873456954956,0.689873456954956,0.6842333674430847,0.9330152682960033,0.729296863079071,0.729296863079071,0.6745968461036682
30,0.01,1.0387816504587102,0.6795886158943176,0.6795886158943176,0.6724129915237427,0.9950391724705696,0.7216796875,0.7216796875,0.6697282791137695
31,0.01,1.0408392759818066,0.6823576092720032,0.6823576092720032,0.6938892602920532,0.9683590568602085,0.718945324420929,0.718945324420929,0.6600499749183655
32,0.01,1.0257160210911231,0.6900712251663208,0.6900712251663208,0.6790848970413208,1.0085657387971878,0.7037109136581421,0.7037109136581421,0.663024365901947
33,0.01,1.0344837707809256,0.684928834438324,0.684928834438324,0.6936013698577881,0.9270235747098923,0.7250000238418579,0.7250000238418579,0.6753346920013428
34,0.01,1.0453748288033884,0.6813687086105347,0.6813687086105347,0.6716399788856506,1.068519551306963,0.7119140625,0.7119140625,0.6547383666038513
35,0.01,1.0328372754628146,0.6823576092720032,0.6823576092720032,0.68896484375,0.941330574452877,0.7376953363418579,0.7376953363418579,0.6782156825065613
36,0.01,1.0438011077385914,0.6859177350997925,0.6859177350997925,0.6775250434875488,0.9521523825824261,0.7357422113418579,0.7357422113418579,0.6691908836364746
37,0.01,1.0270913092395928,0.683742105960846,0.683742105960846,0.6971194744110107,0.997332539409399,0.71484375,0.71484375,0.6677255630493164
38,0.01,1.023728544199014,0.6873022317886353,0.6873022317886353,0.6912617683410645,0.9618126153945923,0.732617199420929,0.732617199420929,0.6760368943214417
39,0.01,1.0244137010996854,0.6865110993385315,0.6865110993385315,0.7003667950630188,1.4052809327840805,0.4847656190395355,0.4847656190395355,0.5954480171203613
40,0.01,1.0978014310704003,0.6706883311271667,0.6706883311271667,0.6610727310180664,0.985256765037775,0.7066406011581421,0.7066406011581421,0.6550142765045166
41,0.01,1.0367863910107673,0.6839398741722107,0.6839398741722107,0.6815513372421265,0.9910930469632149,0.6943359375,0.6943359375,0.6632530093193054
42,0.01,1.0324996038328242,0.6876978278160095,0.6876978278160095,0.6777052879333496,0.9422375336289406,0.7425781488418579,0.7425781488418579,0.6779801249504089
43,0.01,1.0350548315651809,0.6825553774833679,0.6825553774833679,0.6942357420921326,0.9491446055471897,0.721484363079071,0.721484363079071,0.6704943180084229
44,0.01,1.0452780497225025,0.683742105960846,0.683742105960846,0.6791044473648071,0.986403614282608,0.706835925579071,0.706835925579071,0.6615861654281616
45,0.01,1.0348732313023339,0.686906635761261,0.686906635761261,0.6683134436607361,0.9353602826595306,0.7367187738418579,0.7367187738418579,0.665799081325531
46,0.01,1.0270299496529978,0.6882911324501038,0.6882911324501038,0.6796852350234985,0.9748823866248131,0.7134765386581421,0.7134765386581421,0.6556209325790405
47,0.01,1.0237069665631162,0.6922468543052673,0.6922468543052673,0.6894228458404541,0.9783946722745895,0.7083984613418579,0.7083984613418579,0.6618620157241821
48,0.01,1.025190671033497,0.6867088675498962,0.6867088675498962,0.7039919495582581,0.94953703135252,0.719921886920929,0.719921886920929,0.6669804453849792
49,0.01,1.025138103509251,0.6876978278160095,0.6876978278160095,0.6847338676452637,0.9290116988122463,0.7367187738418579,0.7367187738418579,0.6729135513305664
50,0.01,1.0176361852054354,0.688093364238739,0.688093364238739,0.6977645754814148,0.9194773994386196,0.728515625,0.728515625,0.6850469708442688
51,0.01,1.0167577870284454,0.689280092716217,0.689280092716217,0.6953228712081909,0.9310494065284729,0.7281249761581421,0.7281249761581421,0.6731050610542297
52,0.01,1.027210286900967,0.6801819801330566,0.6801819801330566,0.707525908946991,0.995403591543436,0.7124999761581421,0.7124999761581421,0.6661889553070068
53,0.01,1.0255549444427974,0.6890823245048523,0.6890823245048523,0.6836305856704712,1.0374164581298828,0.693164050579071,0.693164050579071,0.6555805206298828
54,0.01,1.0133386488202252,0.6920490860939026,0.6920490860939026,0.6929214000701904,1.3637583665549755,0.6988281011581421,0.6988281011581421,0.6540559530258179
55,0.01,1.0078920699373077,0.6944224834442139,0.6944224834442139,0.7007238864898682,0.9770781174302101,0.715039074420929,0.715039074420929,0.6780281662940979
56,0.01,1.022310877148109,0.6867088675498962,0.6867088675498962,0.666594922542572,0.9900926500558853,0.723437488079071,0.723437488079071,0.682425856590271
57,0.01,1.0250520879709268,0.683742105960846,0.683742105960846,0.6975224614143372,1.077939234673977,0.6333984136581421,0.6333984136581421,0.6582822203636169
58,0.01,1.0265275911439824,0.6871044635772705,0.6871044635772705,0.6732085347175598,1.0352164581418037,0.712695300579071,0.712695300579071,0.674514889717102
59,0.01,1.0213939970052694,0.6894778609275818,0.6894778609275818,0.7021842002868652,1.0660500191152096,0.6572265625,0.6572265625,0.6584712266921997
60,0.01,1.006271091443074,0.6946202516555786,0.6946202516555786,0.6903510689735413,0.9817807227373123,0.722460925579071,0.722460925579071,0.665556013584137
61,0.01,1.0181047757969628,0.6859177350997925,0.6859177350997925,0.6795497536659241,1.1284921765327454,0.5863281488418579,0.5863281488418579,0.6648640036582947
62,0.01,1.0141995986805687,0.6884889602661133,0.6884889602661133,0.6872222423553467,1.0950531251728535,0.733203113079071,0.733203113079071,0.6650937795639038
63,0.01,1.0173127854926676,0.6859177350997925,0.6859177350997925,0.6954704523086548,1.2588066011667252,0.591992199420929,0.591992199420929,0.6417750120162964
64,0.01,1.015079080304013,0.684335470199585,0.684335470199585,0.6973641514778137,0.9819978140294552,0.6976562738418579,0.6976562738418579,0.6628561019897461
65,0.01,1.0249927013735227,0.6882911324501038,0.6882911324501038,0.6834701299667358,0.9497343711555004,0.723437488079071,0.723437488079071,0.6809863448143005
66,0.01,1.0126048907448975,0.6910601258277893,0.6910601258277893,0.6990688443183899,0.9869127683341503,0.7222656011581421,0.7222656011581421,0.6759940385818481
67,0.01,1.0030377069606056,0.6922468543052673,0.6922468543052673,0.7063774466514587,0.9243900515139103,0.7220703363418579,0.7220703363418579,0.6729963421821594
68,0.01,1.0433008640627317,0.6785997152328491,0.6785997152328491,0.6779708862304688,0.9868071004748344,0.686328113079071,0.686328113079071,0.6650323271751404
69,0.01,1.01775528132161,0.6890823245048523,0.6890823245048523,0.6898888349533081,0.9819826036691666,0.6714843511581421,0.6714843511581421,0.6716655492782593
70,0.01,1.018835368790204,0.6910601258277893,0.6910601258277893,0.6848043203353882,1.0189571231603622,0.7093750238418579,0.7093750238418579,0.6611189842224121
71,0.01,1.0142290697822087,0.689873456954956,0.689873456954956,0.6976463794708252,1.0530497692525387,0.6468750238418579,0.6468750238418579,0.6583020091056824
72,0.01,1.021828540518314,0.6865110993385315,0.6865110993385315,0.6929042339324951,0.974116362631321,0.7250000238418579,0.7250000238418579,0.6716547608375549
73,0.01,1.0244641439824165,0.6882911324501038,0.6882911324501038,0.6903215646743774,0.9896133355796337,0.710742175579071,0.710742175579071,0.6542986631393433
74,0.01,1.0173485565789138,0.6882911324501038,0.6882911324501038,0.6965076923370361,0.9871090464293957,0.704296886920929,0.704296886920929,0.6461105942726135
75,0.01,1.0154971314381949,0.6912579536437988,0.6912579536437988,0.6851140260696411,0.9250631183385849,0.728710949420929,0.728710949420929,0.6704303622245789
76,0.01,1.0378200562694404,0.6831487417221069,0.6831487417221069,0.6899595260620117,0.9769555255770683,0.722851574420929,0.722851574420929,0.6482634544372559
77,0.01,1.0234138007405438,0.6922468543052673,0.6922468543052673,0.6908100843429565,0.9685543961822987,0.7113281488418579,0.7113281488418579,0.6824911236763
78,0.01,1.0172767186466651,0.6914557218551636,0.6914557218551636,0.6923377513885498,0.9288327135145664,0.7367187738418579,0.7367187738418579,0.6797404289245605
79,0.01,1.013215556174894,0.6924446225166321,0.6924446225166321,0.6951289772987366,1.0301695093512535,0.724414050579071,0.724414050579071,0.6640475392341614
80,0.01,1.0178063096879404,0.6908623576164246,0.6908623576164246,0.688783586025238,0.956439945846796,0.7281249761581421,0.7281249761581421,0.6623188257217407
81,0.01,1.0293279524090924,0.6825553774833679,0.6825553774833679,0.6873939037322998,0.9944978579878807,0.7037109136581421,0.7037109136581421,0.6620250344276428
82,0.01,1.0142709914642045,0.6916534900665283,0.6916534900665283,0.6921821236610413,1.017755638808012,0.7144531011581421,0.7144531011581421,0.6671745777130127
83,0.001,1.0259556332720985,0.6863133311271667,0.6863133311271667,0.6855370998382568,1.0392654724419117,0.716992199420929,0.716992199420929,0.6665907502174377
84,0.001,1.0007292130325414,0.6952136158943176,0.6952136158943176,0.7099899649620056,0.9125370718538761,0.7310546636581421,0.7310546636581421,0.6792289018630981
85,0.001,1.0016449116453339,0.6981803774833679,0.6981803774833679,0.7039035558700562,0.9040335863828659,0.744335949420929,0.744335949420929,0.6847443580627441
86,0.001,0.9856596302382553,0.7017405033111572,0.7017405033111572,0.7036378383636475,0.9021883755922318,0.744335949420929,0.744335949420929,0.6856626272201538
87,0.001,0.9843414456029481,0.703125,0.703125,0.7041314244270325,0.8952143415808678,0.743945300579071,0.743945300579071,0.6840097308158875
88,0.001,0.9798579510254196,0.6977848410606384,0.6977848410606384,0.7127500772476196,0.8973922803997993,0.7369140386581421,0.7369140386581421,0.6914266347885132
89,0.001,0.979875485353832,0.699960470199585,0.699960470199585,0.7035096287727356,0.8914281129837036,0.7417968511581421,0.7417968511581421,0.6893130540847778
90,0.001,0.9756483111200454,0.7013449668884277,0.7013449668884277,0.7046818733215332,0.895265206694603,0.7470703125,0.7470703125,0.6913974285125732
91,0.001,0.9640843913524966,0.7066851258277893,0.7066851258277893,0.7110650539398193,0.9018862806260586,0.728320300579071,0.728320300579071,0.6888299584388733
92,0.001,0.9659202438366564,0.7017405033111572,0.7017405033111572,0.707563042640686,0.8868683241307735,0.7494140863418579,0.7494140863418579,0.6963828206062317
93,0.001,0.9634654295595386,0.7045094966888428,0.7045094966888428,0.7186585068702698,0.8972214497625828,0.7435547113418579,0.7435547113418579,0.6879796385765076
94,0.001,0.979419028457207,0.705498456954956,0.705498456954956,0.725817859172821,0.897535465657711,0.7416015863418579,0.7416015863418579,0.6898418664932251
95,0.001,0.9730475477025479,0.702531635761261,0.702531635761261,0.7246067523956299,0.8913639597594738,0.7490234375,0.7490234375,0.6910569667816162
96,0.001,0.969888643373417,0.700553834438324,0.700553834438324,0.7044742703437805,0.885130200535059,0.743945300579071,0.743945300579071,0.6945039629936218
97,0.001,0.9694499411160433,0.6977848410606384,0.6977848410606384,0.7168924808502197,0.8879408426582813,0.732617199420929,0.732617199420929,0.6943233013153076
98,0.001,0.9743561978581585,0.7009493708610535,0.7009493708610535,0.73247230052948,0.8781790137290955,0.7523437738418579,0.7523437738418579,0.6974754333496094
99,0.001,0.9619581276857401,0.701147198677063,0.701147198677063,0.7151745557785034,0.8924010396003723,0.742968738079071,0.742968738079071,0.6936071515083313
100,0.001,0.97141114744959,0.7056962251663208,0.7056962251663208,0.7091372013092041,0.8950602523982525,0.732617199420929,0.732617199420929,0.6917421817779541
101,0.001,0.9597099747838853,0.7035205960273743,0.7035205960273743,0.7145978212356567,0.8868690952658653,0.75,0.75,0.6969608664512634
102,0.001,0.9709537157529518,0.7029272317886353,0.7029272317886353,0.7130563259124756,0.8887176103889942,0.7435547113418579,0.7435547113418579,0.6973388195037842
103,0.001,0.9645865891553178,0.7047073245048523,0.7047073245048523,0.715568482875824,0.8865107782185078,0.7474609613418579,0.7474609613418579,0.693577229976654
104,0.001,0.9608680507804774,0.704905092716217,0.704905092716217,0.7252987027168274,0.8946609795093536,0.728710949420929,0.728710949420929,0.6933982372283936
105,0.001,0.9643796312658093,0.7090585827827454,0.7090585827827454,0.717805802822113,0.8903195634484291,0.7451171875,0.7451171875,0.693741500377655
106,0.001,0.966367634036873,0.6987737417221069,0.6987737417221069,0.7174380421638489,0.8869148977100849,0.7464843988418579,0.7464843988418579,0.698029100894928
107,0.001,0.9784101270422151,0.6995648741722107,0.6995648741722107,0.7209591865539551,0.8873743563890457,0.7406250238418579,0.7406250238418579,0.6988406777381897
108,0.001,0.9846266990975489,0.6985759735107422,0.6985759735107422,0.7143160104751587,0.898625236004591,0.731249988079071,0.731249988079071,0.6905128359794617
109,0.001,0.9768226350410075,0.702531635761261,0.702531635761261,0.725223958492279,0.8859866000711918,0.7568359375,0.7568359375,0.6938886046409607
110,0.001,0.956423507461065,0.703718364238739,0.703718364238739,0.7278921604156494,0.8865215107798576,0.7484375238418579,0.7484375238418579,0.690837025642395
111,0.001,0.9625742314737055,0.7084652185440063,0.7084652185440063,0.721812903881073,0.8804456330835819,0.739062488079071,0.739062488079071,0.7008406519889832
112,0.001,0.9665234307699566,0.7029272317886353,0.7029272317886353,0.7054683566093445,0.8861076235771179,0.7347656488418579,0.7347656488418579,0.6935096383094788
113,0.001,0.960969903801061,0.7094541192054749,0.7094541192054749,0.7216564416885376,0.8891811668872833,0.744140625,0.744140625,0.6973033547401428
114,0.001,0.9718519577497169,0.7021360993385315,0.7021360993385315,0.7169815301895142,0.8988038152456284,0.7513672113418579,0.7513672113418579,0.6931672096252441
115,0.001,0.9616560136215596,0.702531635761261,0.702531635761261,0.7374268770217896,0.9353170953691006,0.7373046875,0.7373046875,0.6901042461395264
116,0.001,0.972274864776225,0.7019383311271667,0.7019383311271667,0.7254351377487183,0.8972033709287643,0.7357422113418579,0.7357422113418579,0.6997936367988586
117,0.001,0.9604496669165695,0.7078718543052673,0.7078718543052673,0.6996868252754211,0.8874609470367432,0.7291015386581421,0.7291015386581421,0.6966633796691895
118,0.001,0.9807254294805889,0.6973892450332642,0.6973892450332642,0.7239519953727722,0.8938735835254192,0.7412109375,0.7412109375,0.6963756084442139
119,0.001,0.959403815148752,0.7092563509941101,0.7092563509941101,0.7230315804481506,0.8812928013503551,0.7455078363418579,0.7455078363418579,0.7035850882530212
120,0.001,0.9580436024484755,0.7151898741722107,0.7151898741722107,0.7249197959899902,0.9024028927087784,0.739062488079071,0.739062488079071,0.6940037608146667
121,0.001,0.9633749225471593,0.703125,0.703125,0.7275570631027222,0.8872978575527668,0.744335949420929,0.744335949420929,0.7017434239387512
122,0.001,0.971066692207433,0.7045094966888428,0.7045094966888428,0.7273024916648865,0.9051251336932182,0.7320312261581421,0.7320312261581421,0.6979662179946899
123,0.001,0.9555503507203693,0.7096518874168396,0.7096518874168396,0.7086367011070251,0.8856600858271122,0.744335949420929,0.744335949420929,0.6985277533531189
124,0.001,0.9639202544960794,0.704311728477478,0.704311728477478,0.7167237997055054,0.8867055550217628,0.7281249761581421,0.7281249761581421,0.7017964124679565
125,0.001,0.9541968054409269,0.7130142450332642,0.7130142450332642,0.7198716998100281,0.8915442302823067,0.7523437738418579,0.7523437738418579,0.6933668851852417
126,0.001,0.9553625689277166,0.7068829536437988,0.7068829536437988,0.7249391078948975,0.9102045558393002,0.7421875,0.7421875,0.697348415851593
127,0.001,0.9682155379766151,0.704905092716217,0.704905092716217,0.7212986350059509,0.8860837928950787,0.7445312738418579,0.7445312738418579,0.7021409273147583
128,0.001,0.9603451324414604,0.7039161324501038,0.7039161324501038,0.7289867997169495,0.8961294628679752,0.7455078363418579,0.7455078363418579,0.7049143314361572
129,0.001,0.9551010863690437,0.704311728477478,0.704311728477478,0.7462218403816223,0.8920827656984329,0.7455078363418579,0.7455078363418579,0.7011432647705078
130,0.001,0.9745430795452262,0.7017405033111572,0.7017405033111572,0.7268025279045105,0.885724663734436,0.739062488079071,0.739062488079071,0.7056599259376526
131,0.001,0.9606244088728216,0.7088607549667358,0.7088607549667358,0.7102257609367371,0.8818900473415852,0.7484375238418579,0.7484375238418579,0.7053884267807007
132,0.001,0.965985854969749,0.7035205960273743,0.7035205960273743,0.739260733127594,0.8964422233402729,0.7416015863418579,0.7416015863418579,0.702062726020813
133,0.001,0.973175542264045,0.6975870132446289,0.6975870132446289,0.7132059335708618,0.8891947492957115,0.750781238079071,0.750781238079071,0.6992775797843933
134,0.001,0.956883209415629,0.7084652185440063,0.7084652185440063,0.7277888059616089,0.88846156001091,0.742968738079071,0.742968738079071,0.7011239528656006
135,0.001,0.954575188552277,0.7062895894050598,0.7062895894050598,0.7392088770866394,0.8886990770697594,0.7367187738418579,0.7367187738418579,0.7062304019927979
136,0.001,0.9682992304427714,0.704905092716217,0.704905092716217,0.7174502015113831,0.8802348859608173,0.7451171875,0.7451171875,0.7069337368011475
137,0.001,0.9513325796851629,0.7151898741722107,0.7151898741722107,0.7275452613830566,0.8875431530177593,0.747265636920929,0.747265636920929,0.7031136751174927
138,0.001,0.9666071337989613,0.7047073245048523,0.7047073245048523,0.7248378992080688,0.8781452216207981,0.7451171875,0.7451171875,0.708289384841919
139,0.001,0.9523486992980861,0.7094541192054749,0.7094541192054749,0.7401542663574219,0.8882359825074673,0.7552734613418579,0.7552734613418579,0.6970839500427246
140,0.001,0.9469046517263485,0.7106408476829529,0.7106408476829529,0.7167177796363831,0.8900230936706066,0.7542968988418579,0.7542968988418579,0.7001430988311768
141,0.001,0.952218087413643,0.7096518874168396,0.7096518874168396,0.736366331577301,0.8865588530898094,0.744140625,0.744140625,0.7028489112854004
142,0.001,0.9616834445844723,0.7074762582778931,0.7074762582778931,0.7206801772117615,0.8883898444473743,0.738476574420929,0.738476574420929,0.7038962244987488
143,0.001,0.9577985896339899,0.7114319801330566,0.7114319801330566,0.7275549173355103,0.8930132947862148,0.7490234375,0.7490234375,0.7028021216392517
144,0.001,0.9484459652176386,0.7118275761604309,0.7118275761604309,0.7247790694236755,0.8824160732328892,0.743945300579071,0.743945300579071,0.7050836086273193
145,0.001,0.9517715082892889,0.7102452516555786,0.7102452516555786,0.7211508750915527,0.8809559047222137,0.747851550579071,0.747851550579071,0.7036717534065247
146,0.001,0.9537852602668956,0.7100474834442139,0.7100474834442139,0.7355703711509705,0.8736522831022739,0.738476574420929,0.738476574420929,0.7102146744728088
147,0.001,0.9448844028424613,0.7088607549667358,0.7088607549667358,0.7243394255638123,0.8722025863826275,0.751953125,0.751953125,0.7027161121368408
148,0.001,0.9580218988128856,0.7134098410606384,0.7134098410606384,0.7341963052749634,0.8917638063430786,0.7494140863418579,0.7494140863418579,0.7054884433746338
149,0.001,0.9625780944582782,0.7023338675498962,0.7023338675498962,0.7320182919502258,0.8862585388123989,0.7578125,0.7578125,0.7023696303367615
150,0.001,0.9426571304285074,0.7138053774833679,0.7138053774833679,0.7266980409622192,0.8773818574845791,0.7515624761581421,0.7515624761581421,0.7046213746070862
151,0.001,0.957976291451273,0.7060917615890503,0.7060917615890503,0.7279194593429565,0.9012503139674664,0.7425781488418579,0.7425781488418579,0.7030994892120361
152,0.001,0.9508557817603969,0.7080696225166321,0.7080696225166321,0.7233744263648987,0.9196238182485104,0.721484363079071,0.721484363079071,0.6979537606239319
153,0.001,0.9483752114863335,0.7088607549667358,0.7088607549667358,0.744086503982544,0.8838991150259972,0.7568359375,0.7568359375,0.7064123749732971
154,0.001,0.9550901281682751,0.704905092716217,0.704905092716217,0.7350014448165894,0.8853658027946949,0.7529296875,0.7529296875,0.704073965549469
155,0.001,0.9504644765129572,0.7090585827827454,0.7090585827827454,0.7364517450332642,0.8844279795885086,0.7347656488418579,0.7347656488418579,0.7113065123558044
156,0.001,0.9383251123790499,0.719936728477478,0.719936728477478,0.7290500402450562,0.8710930347442627,0.7544921636581421,0.7544921636581421,0.7108646035194397
157,0.001,0.9417722851415223,0.7112342119216919,0.7112342119216919,0.7306502461433411,0.8626990355551243,0.7464843988418579,0.7464843988418579,0.7114319205284119
158,0.001,0.9590211963351769,0.7047073245048523,0.7047073245048523,0.7274927496910095,0.8795735575258732,0.7435547113418579,0.7435547113418579,0.7038937211036682
159,0.001,0.9425617116916029,0.7082674503326416,0.7082674503326416,0.7288308143615723,0.8758822679519653,0.7552734613418579,0.7552734613418579,0.7045208215713501
160,0.001,0.9408968521069877,0.7116297483444214,0.7116297483444214,0.7206300497055054,0.8888192772865295,0.736328125,0.736328125,0.7053115367889404
161,0.001,0.9586779075332835,0.7045094966888428,0.7045094966888428,0.733198881149292,0.8847255781292915,0.7533203363418579,0.7533203363418579,0.7074896097183228
162,0.001,0.9507700484010237,0.7153877019882202,0.7153877019882202,0.7381536364555359,0.8709316179156303,0.7562500238418579,0.7562500238418579,0.7092316746711731
163,0.001,0.9457275626025622,0.7094541192054749,0.7094541192054749,0.727632999420166,0.8792615383863449,0.731249988079071,0.731249988079071,0.709423840045929
164,0.001,0.9330521437186229,0.7147943377494812,0.7147943377494812,0.7345531582832336,0.8619977086782455,0.74609375,0.74609375,0.7096485495567322
165,0.001,0.9360617572748209,0.7130142450332642,0.7130142450332642,0.7410045266151428,0.8795639760792255,0.7437499761581421,0.7437499761581421,0.7082030773162842
166,0.001,0.9370907824250716,0.7185522317886353,0.7185522317886353,0.7384750247001648,0.8651950806379318,0.7455078363418579,0.7455078363418579,0.7141614556312561
167,0.001,0.9393485256388218,0.7134098410606384,0.7134098410606384,0.7420769333839417,0.8951192237436771,0.735156238079071,0.735156238079071,0.7077391743659973
168,0.001,0.9401421660109411,0.7058939933776855,0.7058939933776855,0.7252136468887329,0.868265837430954,0.7562500238418579,0.7562500238418579,0.7105352282524109
169,0.001,0.9402736719650558,0.7140032052993774,0.7140032052993774,0.735142171382904,0.8622878715395927,0.7568359375,0.7568359375,0.7121560573577881
170,0.001,0.9507089196881161,0.7092563509941101,0.7092563509941101,0.7299293279647827,0.8711090795695782,0.755664050579071,0.755664050579071,0.7098972201347351
171,0.001,0.937462299684935,0.719936728477478,0.719936728477478,0.7358208298683167,0.8972425125539303,0.744140625,0.744140625,0.7030925750732422
172,0.001,0.9375727425647687,0.7132120728492737,0.7132120728492737,0.7367169260978699,0.8832834810018539,0.743359386920929,0.743359386920929,0.7068189382553101
173,0.001,0.9340037982675093,0.7189478278160095,0.7189478278160095,0.7419427037239075,0.8563741445541382,0.7486327886581421,0.7486327886581421,0.7118953466415405
174,0.001,0.9475658498232877,0.716772198677063,0.716772198677063,0.7398345470428467,0.8888066969811916,0.748046875,0.748046875,0.7079522013664246
175,0.001,0.9282566376879245,0.7179588675498962,0.7179588675498962,0.7554153203964233,0.8525653220713139,0.750781238079071,0.750781238079071,0.7136660814285278
176,0.001,0.9367021442968634,0.7147943377494812,0.7147943377494812,0.7355167865753174,0.8695045597851276,0.75390625,0.75390625,0.7128213047981262
177,0.001,0.9386356389975246,0.71875,0.71875,0.7347475290298462,0.8738294765353203,0.7447265386581421,0.7447265386581421,0.707153856754303
178,0.001,0.9352590253081503,0.718156635761261,0.718156635761261,0.7434692978858948,0.8721469603478909,0.752148449420929,0.752148449420929,0.7009873390197754
179,0.001,0.9309120736544645,0.7203323245048523,0.7203323245048523,0.7436708211898804,0.8711085990071297,0.752734363079071,0.752734363079071,0.7075209617614746
180,0.001,0.9327162111861796,0.7195411324501038,0.7195411324501038,0.7388220429420471,0.8759814761579037,0.7435547113418579,0.7435547113418579,0.7049475312232971
181,0.001,0.9462556725815882,0.7078718543052673,0.7078718543052673,0.7367578744888306,0.8731328472495079,0.7525390386581421,0.7525390386581421,0.7046315670013428
182,0.001,0.9284561759308924,0.7183544635772705,0.7183544635772705,0.7466756105422974,0.8726652562618256,0.752734363079071,0.752734363079071,0.7044903635978699
183,0.001,0.931889598882651,0.7143987417221069,0.7143987417221069,0.7519277930259705,0.8601944148540497,0.745312511920929,0.745312511920929,0.7160014510154724
184,0.001,0.9301098343692248,0.7126187086105347,0.7126187086105347,0.7315754890441895,0.8630500882863998,0.7626953125,0.7626953125,0.7166822552680969
185,0.001,0.9275849363471889,0.7229034900665283,0.7229034900665283,0.7374700307846069,0.8754184506833553,0.742382824420929,0.742382824420929,0.7071918845176697
186,0.001,0.9355693036996866,0.715585470199585,0.715585470199585,0.7417555451393127,0.9091452322900295,0.751757800579071,0.751757800579071,0.7002918124198914
187,0.001,0.9285125762601442,0.7169699668884277,0.7169699668884277,0.7391688227653503,0.859044760465622,0.7642577886581421,0.7642577886581421,0.7133346796035767
188,0.001,0.9298081028310559,0.7175633311271667,0.7175633311271667,0.7211421728134155,0.8638272248208523,0.7613281011581421,0.7613281011581421,0.7134496569633484
189,0.001,0.9221551456028902,0.7203323245048523,0.7203323245048523,0.7310128211975098,0.8627939149737358,0.7445312738418579,0.7445312738418579,0.7128321528434753
190,0.001,0.914249841170975,0.7175633311271667,0.7175633311271667,0.7480069398880005,0.8632233962416649,0.750781238079071,0.750781238079071,0.7105749845504761
191,0.001,0.9257050375395184,0.7124208807945251,0.7124208807945251,0.7501319646835327,0.8628857135772705,0.7611328363418579,0.7611328363418579,0.7083227634429932
192,0.001,0.9315396237976944,0.7175633311271667,0.7175633311271667,0.7460629343986511,0.8578243292868137,0.7626953125,0.7626953125,0.718779444694519
193,0.001,0.9249066453945788,0.719343364238739,0.719343364238739,0.7342910766601562,0.9099422693252563,0.7222656011581421,0.7222656011581421,0.7033602595329285
194,0.001,0.9221592877484575,0.719343364238739,0.719343364238739,0.7425114512443542,0.8585609719157219,0.7587890625,0.7587890625,0.7094321846961975
195,0.001,0.9257478744168824,0.7213212251663208,0.7213212251663208,0.7418153285980225,0.8645720072090626,0.7455078363418579,0.7455078363418579,0.713619589805603
196,0.001,0.9341445882109147,0.7278481125831604,0.7278481125831604,0.7378681898117065,0.8619508072733879,0.741992175579071,0.741992175579071,0.7168037295341492
197,0.001,0.9246613224850425,0.7207278609275818,0.7207278609275818,0.7452089786529541,0.8598612882196903,0.7662109136581421,0.7662109136581421,0.7153375744819641
198,0.001,0.9131506741801395,0.7223101258277893,0.7223101258277893,0.7377808690071106,0.8657956384122372,0.7552734613418579,0.7552734613418579,0.7122899293899536
199,0.001,0.9276633255089386,0.7134098410606384,0.7134098410606384,0.7360180616378784,0.8426065817475319,0.7662109136581421,0.7662109136581421,0.7192875742912292
200,0.001,0.9319111395485794,0.716772198677063,0.716772198677063,0.7316833734512329,0.8442105278372765,0.7705078125,0.7705078125,0.7177602052688599
201,0.001,0.9183522093145153,0.7231012582778931,0.7231012582778931,0.7498564720153809,0.8322010152041912,0.7646484375,0.7646484375,0.7208486795425415
202,0.001,0.9095016597192499,0.7225079536437988,0.7225079536437988,0.7572054266929626,0.8476758450269699,0.7535156011581421,0.7535156011581421,0.7194536924362183
203,0.001,0.9002950893172735,0.736155092716217,0.736155092716217,0.761399507522583,0.8532534055411816,0.7630859613418579,0.7630859613418579,0.7132923603057861
204,0.001,0.9110465962675554,0.7248813509941101,0.7248813509941101,0.7406619191169739,0.8499144986271858,0.7568359375,0.7568359375,0.7151463627815247
205,0.001,0.919124043440517,0.7240902185440063,0.7240902185440063,0.7486937046051025,0.8540537022054195,0.7417968511581421,0.7417968511581421,0.7178647518157959
206,0.001,0.9117908357064936,0.7246835827827454,0.7246835827827454,0.7533111572265625,0.8508076407015324,0.7542968988418579,0.7542968988418579,0.7228256464004517
207,0.001,0.9177695769297926,0.721123456954956,0.721123456954956,0.749366283416748,0.8587779030203819,0.7621093988418579,0.7621093988418579,0.7152902483940125
208,0.001,0.9039747103860106,0.7260680794715881,0.7260680794715881,0.7594881057739258,0.8519892543554306,0.762890636920929,0.762890636920929,0.7138680219650269
209,0.001,0.9193160760251782,0.7221123576164246,0.7221123576164246,0.7488442063331604,0.8416204191744328,0.7601562738418579,0.7601562738418579,0.7141811847686768
210,0.001,0.9147442202024822,0.7264636158943176,0.7264636158943176,0.7607067823410034,0.8746633976697922,0.763671875,0.763671875,0.7103031277656555
211,0.001,0.9233032872405234,0.7201344966888428,0.7201344966888428,0.7163525819778442,0.93153415620327,0.7310546636581421,0.7310546636581421,0.7032178640365601
212,0.001,0.9186248462411422,0.7254747152328491,0.7254747152328491,0.7431279420852661,0.8415519706904888,0.7744140625,0.7744140625,0.7163005471229553
213,0.001,0.9265498805649673,0.7217167615890503,0.7217167615890503,0.7499796152114868,0.8484719134867191,0.755664050579071,0.755664050579071,0.7134783267974854
214,0.001,0.9169139288648774,0.721123456954956,0.721123456954956,0.7513269186019897,0.8445995487272739,0.757617175579071,0.757617175579071,0.721184253692627
215,0.001,0.9041210699685013,0.7244857549667358,0.7244857549667358,0.7463817596435547,0.8791369087994099,0.7386718988418579,0.7386718988418579,0.7170810103416443
216,0.001,0.9137661517420902,0.720530092716217,0.720530092716217,0.7405703067779541,0.8321990966796875,0.7783203125,0.7783203125,0.7212608456611633
217,0.001,0.9030374575264847,0.730617105960846,0.730617105960846,0.7596548199653625,0.8470460474491119,0.765625,0.765625,0.71700519323349
218,0.001,0.9073343359971349,0.7270569801330566,0.7270569801330566,0.7506404519081116,0.8524589315056801,0.75390625,0.75390625,0.716984748840332
219,0.001,0.8919453145582464,0.7294303774833679,0.7294303774833679,0.7654816508293152,0.8857542984187603,0.748828113079071,0.748828113079071,0.7141216397285461
220,0.001,0.9072908706302885,0.7310127019882202,0.7310127019882202,0.7362640500068665,0.876802109181881,0.7572265863418579,0.7572265863418579,0.7127367258071899
221,0.001,0.9137864905067637,0.7262658476829529,0.7262658476829529,0.7421583533287048,0.8327074088156223,0.7533203363418579,0.7533203363418579,0.7169527411460876
222,0.001,0.906244492229027,0.7300237417221069,0.7300237417221069,0.7588009834289551,0.9129836112260818,0.7291015386581421,0.7291015386581421,0.7170485854148865
223,0.001,0.9050080436694471,0.7246835827827454,0.7246835827827454,0.7472495436668396,0.8376803174614906,0.7607421875,0.7607421875,0.7171323299407959
224,0.001,0.8967534695999532,0.7335838675498962,0.7335838675498962,0.7572394013404846,0.841621957719326,0.749804675579071,0.749804675579071,0.722693681716919
225,0.001,0.9153287614448161,0.7217167615890503,0.7217167615890503,0.7625038623809814,0.8526949025690556,0.7630859613418579,0.7630859613418579,0.7169467806816101
226,0.001,0.9001754243162614,0.731210470199585,0.731210470199585,0.7655551433563232,0.8310617618262768,0.7650390863418579,0.7650390863418579,0.7202332019805908
227,0.001,0.9059506541566004,0.7296282052993774,0.7296282052993774,0.7519437670707703,0.8389335498213768,0.7626953125,0.7626953125,0.722882866859436
228,0.001,0.9026743452760237,0.731803834438324,0.731803834438324,0.7574708461761475,0.8331653848290443,0.7679687738418579,0.7679687738418579,0.7220007181167603
229,0.001,0.9013714918607398,0.7314082384109497,0.7314082384109497,0.7658001184463501,0.848272193223238,0.768750011920929,0.768750011920929,0.7179449796676636
230,0.001,0.9004964270169222,0.7268592119216919,0.7268592119216919,0.742773175239563,0.8538862727582455,0.767578125,0.767578125,0.7102300524711609
231,0.001,0.8946478193319296,0.7298259735107422,0.7298259735107422,0.7700166702270508,0.874170895665884,0.7470703125,0.7470703125,0.712580680847168
232,0.001,0.8918100723737403,0.7335838675498962,0.7335838675498962,0.7493171095848083,0.8386099264025688,0.7640625238418579,0.7640625238418579,0.7173512578010559
233,0.001,0.887710716150984,0.736748456954956,0.736748456954956,0.7577207684516907,0.8553804345428944,0.765625,0.765625,0.7162734270095825
234,0.001,0.9034843369375302,0.7288370728492737,0.7288370728492737,0.750267505645752,0.8483254127204418,0.753125011920929,0.753125011920929,0.7186706066131592
235,0.001,0.8992794948288158,0.7262658476829529,0.7262658476829529,0.7406871318817139,0.8512702696025372,0.765429675579071,0.765429675579071,0.7157348990440369
236,0.001,0.8995842895930326,0.7351661324501038,0.7351661324501038,0.7555979490280151,0.8320601135492325,0.7591797113418579,0.7591797113418579,0.7220681309700012
237,0.001,0.895321661158453,0.7300237417221069,0.7300237417221069,0.745439350605011,0.8585160225629807,0.749804675579071,0.749804675579071,0.7152048945426941
238,0.001,0.9015210142618493,0.7310127019882202,0.7310127019882202,0.7597700357437134,0.8346203938126564,0.7611328363418579,0.7611328363418579,0.7238369584083557
239,0.001,0.8897715399536905,0.7375395894050598,0.7375395894050598,0.7582511901855469,0.8694216571748257,0.7431640625,0.7431640625,0.7093351483345032
240,0.001,0.9053132368039482,0.731803834438324,0.731803834438324,0.7671642303466797,0.8466659970581532,0.7679687738418579,0.7679687738418579,0.7169681191444397
241,0.001,0.9034487718268286,0.7242879867553711,0.7242879867553711,0.7565635442733765,0.860785324126482,0.75390625,0.75390625,0.7143421769142151
242,0.001,0.8993995046313805,0.731210470199585,0.731210470199585,0.7653595209121704,0.8812779597938061,0.7607421875,0.7607421875,0.714439868927002
243,0.001,0.9034917294224606,0.7274525761604309,0.7274525761604309,0.7363224029541016,0.829615093767643,0.7724609375,0.7724609375,0.7168129682540894
244,0.001,0.8923865586896486,0.7331883311271667,0.7331883311271667,0.7508991956710815,0.8305025994777679,0.771484375,0.771484375,0.7259887456893921
245,0.001,0.8967782070365133,0.7331883311271667,0.7331883311271667,0.7584784626960754,0.8283945359289646,0.767578125,0.767578125,0.7221073508262634
246,0.001,0.9048603463776504,0.7325949668884277,0.7325949668884277,0.7520497441291809,0.8489071428775787,0.7728515863418579,0.7728515863418579,0.7189082503318787
247,0.001,0.8916103515443923,0.7357594966888428,0.7357594966888428,0.7590287923812866,0.8409563302993774,0.743945300579071,0.743945300579071,0.7243901491165161
248,0.001,0.9056491927255558,0.7304193377494812,0.7304193377494812,0.7593293786048889,0.8368232734501362,0.7681640386581421,0.7681640386581421,0.725749135017395
249,0.0001,0.8942646203161795,0.7333860993385315,0.7333860993385315,0.7681403756141663,0.8346836753189564,0.762499988079071,0.762499988079071,0.7182159423828125
250,0.0001,0.8797965623155425,0.7399129867553711,0.7399129867553711,0.7715749144554138,0.8217640817165375,0.770312488079071,0.770312488079071,0.7232102751731873
251,0.0001,0.8740253727647322,0.7405063509941101,0.7405063509941101,0.7673916220664978,0.8105379082262516,0.7777343988418579,0.7777343988418579,0.726028323173523
252,0.0001,0.8730115211462672,0.7331883311271667,0.7331883311271667,0.7764153480529785,0.8148447200655937,0.774218738079071,0.774218738079071,0.7253758907318115
253,0.0001,0.8637021017979972,0.7434731125831604,0.7434731125831604,0.7638554573059082,0.8123290836811066,0.773242175579071,0.773242175579071,0.7239232063293457
254,0.0001,0.8702523632894589,0.7393196225166321,0.7393196225166321,0.7637364864349365,0.8092799596488476,0.7757812738418579,0.7757812738418579,0.7256255149841309
255,0.0001,0.8623797131490104,0.7446598410606384,0.7446598410606384,0.7646054029464722,0.8069414459168911,0.7738281488418579,0.7738281488418579,0.7275481820106506
256,0.0001,0.8661216535145724,0.7401107549667358,0.7401107549667358,0.7710617184638977,0.8067612051963806,0.7777343988418579,0.7777343988418579,0.7260883450508118
257,0.0001,0.8606156389924544,0.7407041192054749,0.7407041192054749,0.7688029408454895,0.807430487126112,0.774218738079071,0.774218738079071,0.7259182333946228
258,0.0001,0.8672352606737161,0.7416930794715881,0.7416930794715881,0.7598270177841187,0.8084100596606731,0.775195300579071,0.775195300579071,0.725773274898529
259,0.0001,0.8622815352451952,0.750593364238739,0.750593364238739,0.7767984867095947,0.8100194558501244,0.776171863079071,0.776171863079071,0.7260844111442566
260,0.0001,0.8543740443036526,0.7515823245048523,0.7515823245048523,0.7666313648223877,0.804987009614706,0.778124988079071,0.778124988079071,0.7290468215942383
261,0.0001,0.8627028834970691,0.7403085827827454,0.7403085827827454,0.769874632358551,0.8056761510670185,0.772265613079071,0.772265613079071,0.7256104350090027
262,0.0001,0.8575483387029623,0.7458465099334717,0.7458465099334717,0.7759140729904175,0.8025438077747822,0.7767578363418579,0.7767578363418579,0.7286043763160706
263,0.0001,0.863953839374494,0.7503955960273743,0.7503955960273743,0.7726675271987915,0.8081571198999882,0.773242175579071,0.773242175579071,0.7276730537414551
264,0.0001,0.8663943236387228,0.7456487417221069,0.7456487417221069,0.7693473696708679,0.8072821758687496,0.773242175579071,0.773242175579071,0.7269910573959351
265,0.0001,0.8512109691583658,0.7456487417221069,0.7456487417221069,0.7679405212402344,0.802872508764267,0.7757812738418579,0.7757812738418579,0.7290177941322327
266,0.0001,0.8548172765140292,0.7466377019882202,0.7466377019882202,0.7831974029541016,0.8001445196568966,0.7748047113418579,0.7748047113418579,0.7281334400177002
267,0.0001,0.8541381540177744,0.7472310066223145,0.7472310066223145,0.7747868895530701,0.7996210642158985,0.7767578363418579,0.7767578363418579,0.7279495000839233
268,0.0001,0.8529533562780935,0.7466377019882202,0.7466377019882202,0.7702633142471313,0.8038230687379837,0.779101550579071,0.779101550579071,0.728100597858429
269,0.0001,0.8530013515979429,0.7537579536437988,0.7537579536437988,0.7749608159065247,0.8024428375065327,0.7757812738418579,0.7757812738418579,0.7278369069099426
270,0.0001,0.8541966359826583,0.752373456954956,0.752373456954956,0.7801368832588196,0.8003113530576229,0.7835937738418579,0.7835937738418579,0.7308949828147888
271,0.0001,0.8485993456236923,0.7490110993385315,0.7490110993385315,0.7672557234764099,0.7979707084596157,0.7806640863418579,0.7806640863418579,0.7302125692367554
272,0.0001,0.8592249728456328,0.7525712251663208,0.7525712251663208,0.771416962146759,0.7969027534127235,0.776171863079071,0.776171863079071,0.7306768894195557
273,0.0001,0.8545974583565434,0.7488133311271667,0.7488133311271667,0.7645645141601562,0.7974678464233875,0.7777343988418579,0.7777343988418579,0.7290477752685547
274,0.0001,0.8525215938121458,0.7458465099334717,0.7458465099334717,0.7803614139556885,0.7974370531737804,0.7796875238418579,0.7796875238418579,0.7279394865036011
275,0.0001,0.8556664548342741,0.7440664768218994,0.7440664768218994,0.7707933783531189,0.8010937906801701,0.7767578363418579,0.7767578363418579,0.7271766662597656
276,0.0001,0.8493609760380998,0.7521756291389465,0.7521756291389465,0.7920831441879272,0.8002578839659691,0.78125,0.78125,0.7284030318260193
277,0.0001,0.8548396818245514,0.750593364238739,0.750593364238739,0.7688663601875305,0.8016461655497551,0.787890613079071,0.787890613079071,0.7284501194953918
278,0.0001,0.8666334333299082,0.7446598410606384,0.7446598410606384,0.7777556777000427,0.803321611136198,0.7738281488418579,0.7738281488418579,0.7256659865379333
279,0.0001,0.8567603177662138,0.7444620728492737,0.7444620728492737,0.7729631662368774,0.7974871024489403,0.7822265625,0.7822265625,0.7280785441398621
280,0.0001,0.8561939189705667,0.7482199668884277,0.7482199668884277,0.7802489995956421,0.7990645170211792,0.7826172113418579,0.7826172113418579,0.728827178478241
281,0.0001,0.8489968527721453,0.7501978278160095,0.7501978278160095,0.7776812314987183,0.7990517020225525,0.7816406488418579,0.7816406488418579,0.726360559463501
282,0.0001,0.8512251958062377,0.750593364238739,0.750593364238739,0.7708523273468018,0.8009513020515442,0.787109375,0.787109375,0.7261742949485779
283,0.0001,0.854918399189092,0.7537579536437988,0.7537579536437988,0.7639683485031128,0.799447700381279,0.7835937738418579,0.7835937738418579,0.7292011380195618
284,0.0001,0.8582972024060502,0.7466377019882202,0.7466377019882202,0.7724835276603699,0.8013335689902306,0.7796875238418579,0.7796875238418579,0.7261674404144287
285,0.0001,0.8482979271985307,0.7569224834442139,0.7569224834442139,0.756238579750061,0.8004808947443962,0.7757812738418579,0.7757812738418579,0.725345253944397
286,0.0001,0.8493288800686221,0.7527689933776855,0.7527689933776855,0.7692970633506775,0.8016441240906715,0.7865234613418579,0.7865234613418579,0.728678286075592
287,0.0001,0.8540786512290375,0.7527689933776855,0.7527689933776855,0.7639273405075073,0.7983636371791363,0.784960925579071,0.784960925579071,0.7283191084861755
288,0.0001,0.8459574489653865,0.7498022317886353,0.7498022317886353,0.7622239589691162,0.8005666621029377,0.7777343988418579,0.7777343988418579,0.7272807359695435
289,0.0001,0.8433001275303997,0.7484177350997925,0.7484177350997925,0.7737459540367126,0.8026990592479706,0.7787109613418579,0.7787109613418579,0.7268785834312439
290,0.0001,0.848178302939934,0.7543512582778931,0.7543512582778931,0.7720060348510742,0.8016558513045311,0.783203125,0.783203125,0.7262632846832275
291,0.0001,0.8454555054254169,0.7531645894050598,0.7531645894050598,0.7921714186668396,0.7970533631742001,0.7826172113418579,0.7826172113418579,0.7285720109939575
292,0.0001,0.8399305796321435,0.7527689933776855,0.7527689933776855,0.7754424214363098,0.801601342856884,0.780078113079071,0.780078113079071,0.7274589538574219
293,0.0001,0.8432757318774357,0.7507911324501038,0.7507911324501038,0.7810737490653992,0.7975053265690804,0.7757812738418579,0.7757812738418579,0.7281911969184875
294,0.0001,0.850982583776305,0.7537579536437988,0.7537579536437988,0.769798219203949,0.805924978107214,0.7777343988418579,0.7777343988418579,0.7260181903839111
295,0.0001,0.8573408941679364,0.7476266026496887,0.7476266026496887,0.7719993591308594,0.8052458949387074,0.7806640863418579,0.7806640863418579,0.7250277996063232
296,0.0001,0.8436075637612162,0.7533623576164246,0.7533623576164246,0.7752100825309753,0.8022492602467537,0.7787109613418579,0.7787109613418579,0.7256006002426147
297,0.0001,0.8423461159573326,0.75,0.75,0.7678236961364746,0.8018245026469231,0.7759765386581421,0.7759765386581421,0.7260287404060364
298,0.0001,0.8447559083564372,0.7488133311271667,0.7488133311271667,0.7763270735740662,0.8002127669751644,0.7822265625,0.7822265625,0.7267273664474487
299,0.0001,0.8435480262659774,0.752373456954956,0.752373456954956,0.775749683380127,0.7974592633545399,0.7787109613418579,0.7787109613418579,0.7256549596786499
300,0.0001,0.864482611795015,0.7503955960273743,0.7503955960273743,0.7744978666305542,0.8035390973091125,0.7828124761581421,0.7828124761581421,0.7265787720680237
301,0.0001,0.854134954983675,0.7470332384109497,0.7470332384109497,0.7637195587158203,0.7990525141358376,0.7841796875,0.7841796875,0.7248387336730957
302,0.0001,0.8486110967925832,0.7543512582778931,0.7543512582778931,0.7540111541748047,0.80149270221591,0.7826172113418579,0.7826172113418579,0.7252383232116699
303,0.0001,0.8477891502501089,0.7426819801330566,0.7426819801330566,0.7726882696151733,0.8001329340040684,0.7806640863418579,0.7806640863418579,0.7258068919181824
304,0.0001,0.8521673279472545,0.747428834438324,0.747428834438324,0.7751574516296387,0.8002220802009106,0.7783203125,0.7783203125,0.7254438996315002
305,0.0001,0.8395002718213238,0.7503955960273743,0.7503955960273743,0.7861088514328003,0.8074395284056664,0.779296875,0.779296875,0.7258265018463135
306,0.0001,0.8412329418749749,0.7555379867553711,0.7555379867553711,0.7713481187820435,0.8046892546117306,0.7783203125,0.7783203125,0.7266791462898254
307,0.0001,0.8366724939285954,0.7559335827827454,0.7559335827827454,0.7722815275192261,0.8015806265175343,0.787109375,0.787109375,0.7252773642539978
308,0.0001,0.8413571851162971,0.7545490860939026,0.7545490860939026,0.771874189376831,0.8038850128650665,0.7769531011581421,0.7769531011581421,0.7261820435523987
309,0.0001,0.8491290928442267,0.75,0.75,0.7649642825126648,0.7990220412611961,0.7841796875,0.7841796875,0.7283194661140442
310,0.0001,0.8562193648724616,0.7490110993385315,0.7490110993385315,0.7851351499557495,0.798083420842886,0.783203125,0.783203125,0.7279471755027771
311,0.0001,0.8323378479933436,0.7567247152328491,0.7567247152328491,0.7766189575195312,0.7995762228965759,0.7822265625,0.7822265625,0.7280859351158142
312,0.0001,0.8435786321193357,0.7531645894050598,0.7531645894050598,0.7748565077781677,0.7987845540046692,0.78515625,0.78515625,0.7285438179969788
313,0.0001,0.8448423622529718,0.7539557218551636,0.7539557218551636,0.7659596800804138,0.8032980300486088,0.7841796875,0.7841796875,0.7266482710838318
314,0.0001,0.8401936783066278,0.7573180794715881,0.7573180794715881,0.7673252820968628,0.8015325181186199,0.78125,0.78125,0.725822925567627
315,0.0001,0.8438139437120172,0.751780092716217,0.751780092716217,0.7785680294036865,0.8027409464120865,0.7802734375,0.7802734375,0.7269115447998047
316,0.0001,0.8380385373212114,0.7569224834442139,0.7569224834442139,0.7743895053863525,0.8026688657701015,0.7783203125,0.7783203125,0.7253875136375427
317,0.0001,0.8358414459832108,0.7567247152328491,0.7567247152328491,0.7776899337768555,0.8013436272740364,0.7787109613418579,0.7787109613418579,0.7263166308403015
318,0.0001,0.833692958837823,0.7583069801330566,0.7583069801330566,0.7763761878013611,0.7996268272399902,0.78515625,0.78515625,0.7253872156143188
319,0.0001,0.8457475070711933,0.7541534900665283,0.7541534900665283,0.7782313823699951,0.8026021011173725,0.7738281488418579,0.7738281488418579,0.7235321998596191
320,0.0001,0.8385655336742159,0.7553402185440063,0.7553402185440063,0.7609215378761292,0.8015200160443783,0.775390625,0.775390625,0.723757266998291
321,0.0001,0.8446264614032793,0.7527689933776855,0.7527689933776855,0.7701729536056519,0.8053953908383846,0.7744140625,0.7744140625,0.721333920955658
322,0.0001,0.8410578664345078,0.7589003443717957,0.7589003443717957,0.7738617658615112,0.8065689913928509,0.7738281488418579,0.7738281488418579,0.7227004766464233
323,0.0001,0.8365364972549149,0.7549446225166321,0.7549446225166321,0.7767010927200317,0.8028202503919601,0.7767578363418579,0.7767578363418579,0.7231241464614868
324,0.0001,0.8361533608617662,0.7563291192054749,0.7563291192054749,0.776149332523346,0.804030142724514,0.7777343988418579,0.7777343988418579,0.7232593894004822
325,0.0001,0.8218310973312282,0.762460470199585,0.762460470199585,0.7907125949859619,0.8092672638595104,0.7757812738418579,0.7757812738418579,0.7206423282623291
326,0.0001,0.840318124505538,0.7543512582778931,0.7543512582778931,0.7661020159721375,0.7984093464910984,0.78515625,0.78515625,0.72413569688797
327,0.0001,0.8440432706965676,0.7501978278160095,0.7501978278160095,0.7825570702552795,0.7987955622375011,0.78125,0.78125,0.7230378985404968
328,0.0001,0.8365355134010315,0.7541534900665283,0.7541534900665283,0.7764337062835693,0.7979668341577053,0.7867187261581421,0.7867187261581421,0.725629448890686
329,0.0001,0.835743049277535,0.761867105960846,0.761867105960846,0.7780919671058655,0.8009853735566139,0.7855468988418579,0.7855468988418579,0.7244523763656616
330,0.0001,0.8475245561780809,0.7507911324501038,0.7507911324501038,0.773987889289856,0.8024072758853436,0.7796875238418579,0.7796875238418579,0.7245401740074158
331,0.0001,0.8403444916387147,0.7533623576164246,0.7533623576164246,0.7829325795173645,0.8050117380917072,0.778124988079071,0.778124988079071,0.725282609462738
332,0.0001,0.8422724280176284,0.7498022317886353,0.7498022317886353,0.773261547088623,0.8045406751334667,0.783203125,0.783203125,0.7236315011978149
333,0.0001,0.8332657142530514,0.7553402185440063,0.7553402185440063,0.7685696482658386,0.8030591532588005,0.7777343988418579,0.7777343988418579,0.7227236032485962
334,0.0001,0.8332988763157325,0.7573180794715881,0.7573180794715881,0.773769199848175,0.8028481304645538,0.779296875,0.779296875,0.7223372459411621
335,0.0001,0.8335844731029076,0.7622627019882202,0.7622627019882202,0.7820406556129456,0.801360871642828,0.7841796875,0.7841796875,0.7220407128334045
336,0.0001,0.8381047143211847,0.7561313509941101,0.7561313509941101,0.7823982238769531,0.8041485399007797,0.784375011920929,0.784375011920929,0.7253768444061279
337,0.0001,0.8250780218764197,0.7553402185440063,0.7553402185440063,0.781895101070404,0.8043917641043663,0.783203125,0.783203125,0.7230713963508606
338,0.0001,0.8356088015097606,0.7529667615890503,0.7529667615890503,0.776282012462616,0.8047398254275322,0.7841796875,0.7841796875,0.7215000987052917
339,0.0001,0.8358601746679861,0.7547468543052673,0.7547468543052673,0.777800440788269,0.8038354106247425,0.7802734375,0.7802734375,0.722993791103363
340,0.0001,0.8355960732773889,0.7602848410606384,0.7602848410606384,0.7869707942008972,0.7996596582233906,0.7835937738418579,0.7835937738418579,0.7235686779022217
341,1e-05,0.8283165029332608,0.7622627019882202,0.7622627019882202,0.7763160467147827,0.8039093688130379,0.7777343988418579,0.7777343988418579,0.7218061685562134
342,1e-05,0.8332955399646035,0.7634493708610535,0.7634493708610535,0.7724308967590332,0.8054103180766106,0.7796875238418579,0.7796875238418579,0.7226574420928955
343,1e-05,0.837873473197599,0.7521756291389465,0.7521756291389465,0.7765964269638062,0.8034451194107533,0.7787109613418579,0.7787109613418579,0.7228983044624329
344,1e-05,0.8265075774132451,0.7638449668884277,0.7638449668884277,0.7665904760360718,0.8044280968606472,0.7728515863418579,0.7728515863418579,0.7220940589904785
345,1e-05,0.8380020683324789,0.750593364238739,0.750593364238739,0.7792356014251709,0.8049739934504032,0.7826172113418579,0.7826172113418579,0.7236510515213013
346,1e-05,0.8325830984719192,0.7654272317886353,0.7654272317886353,0.7813962697982788,0.8018015511333942,0.7777343988418579,0.7777343988418579,0.722886323928833
347,1e-05,0.8254821315596376,0.7565269470214844,0.7565269470214844,0.7810944318771362,0.8019247129559517,0.7796875238418579,0.7796875238418579,0.7226500511169434
348,1e-05,0.8390890548500833,0.7492088675498962,0.7492088675498962,0.7872520685195923,0.7969827465713024,0.7835937738418579,0.7835937738418579,0.7232198715209961
349,1e-05,0.8286148370066776,0.7612737417221069,0.7612737417221069,0.7696332335472107,0.80204002186656,0.7826172113418579,0.7826172113418579,0.7228471636772156
350,1e-05,0.8268930315971375,0.7634493708610535,0.7634493708610535,0.7866266369819641,0.8045042864978313,0.7796875238418579,0.7796875238418579,0.7229424715042114
